{
  "project_info": {
    "project_number": "817839675854",
    "firebase_url": "https://androideatitv2-d6667.firebaseio.com",
    "project_id": "androideatitv2-d6667",
    "storage_bucket": "androideatitv2-d6667.appspot.com"
  },
  "client": [
    {
      "client_info": {
        "mobilesdk_app_id": "1:817839675854:android:b1aad55c6ba54372ac739f",
        "android_client_info": {
          "package_name": "com.example.androideatitv2client"
        }
      },
      "oauth_client": [
        {
          "client_id": "817839675854-gaopp3iurcucn1puoik0olh82k9tmfgc.apps.googleusercontent.com",
          "client_type": 1,
          "android_info": {
            "package_name": "com.example.androideatitv2client",
            "certificate_hash": "47fb4d494de71282b78e43164991dbee6824ac21"
          }
        },
        {
          "client_id": "817839675854-b294po0jh573u6va15vuj6p8eni34g8q.apps.googleusercontent.com",
          "client_type": 3
        }
      ],
      "api_key": [
        {
          "current_key": "AIzaSyADfFYLntNH1EbOSTYfFIsoyciqv1LwmiM"
        }
      ],
      "services": {
        "appinvite_service": {
          "other_platform_oauth_client": [
            {
              "client_id": "817839675854-b294po0jh573u6va15vuj6p8eni34g8q.apps.googleusercontent.com",
              "client_type": 3
            }
          ]
        }
      }
    },
    {
      "client_info": {
        "mobilesdk_app_id": "1:817839675854:android:cbaf865ab09cc536ac739f",
        "android_client_info": {
          "package_name": "com.example.androieatitv2server"
        }
      },
      "oauth_client": [
        {
          "client_id": "817839675854-oputpa05hsc1tanrvp5gc4mrhdvu7fc0.apps.googleusercontent.com",
          "client_type": 1,
          "android_info": {
            "package_name": "com.example.androieatitv2server",
            "certificate_hash": "47fb4d494de71282b78e43164991dbee6824ac21"
          }
        },
        {
          "client_id": "817839675854-b294po0jh573u6va15vuj6p8eni34g8q.apps.googleusercontent.com",
          "client_type": 3
        }
      ],
      "api_key": [
        {
          "current_key": "AIzaSyADfFYLntNH1EbOSTYfFIsoyciqv1LwmiM"
        }
      ],
      "services": {
        "appinvite_service": {
          "other_platform_oauth_client": [
            {
              "client_id": "817839675854-b294po0jh573u6va15vuj6p8eni34g8q.apps.googleusercontent.com",
              "client_type": 3
            }
          ]
        }
      }
    }
  ],
  "configuration_version": "1"
}